{"decoy":"relax_67_ranked_0_0001","dslf_fa13":-1.336832421355111,"fa_atr":-1600.201586587186,"fa_dun":259.4180724463355,"fa_elec":-480.6810105005806,"fa_intra_rep":2.782760935338783,"fa_intra_sol_xover4":36.19037471678763,"fa_rep":181.632209650328,"fa_sol":1044.968797998899,"hbond_bb_sc":-24.86122051276566,"hbond_lr_bb":-4.680555711769179,"hbond_sc":-28.03500798321262,"hbond_sr_bb":-191.8113748451148,"lk_ball_wtd":-46.74412452797623,"omega":23.15856107916773,"p_aa_pp":-34.52407893465929,"pro_close":1.170351458040771,"rama_prepro":-10.90954180815568,"ref":142.7211700000002,"total_score":-731.6129924838375,"yhh_planarity":0.130043064039623}
{"decoy":"relax_51_ranked_2_0001","dslf_fa13":-0.8799822603679931,"fa_atr":-1598.601723650477,"fa_dun":264.9705109820883,"fa_elec":-453.4210581268758,"fa_intra_rep":3.028809532515169,"fa_intra_sol_xover4":41.92296157406617,"fa_rep":185.4785415636347,"fa_sol":1017.4686557386,"hbond_bb_sc":-26.2304095356597,"hbond_lr_bb":-6.53430624666708,"hbond_sc":-21.28292594788153,"hbond_sr_bb":-182.3664162600876,"lk_ball_wtd":-50.47351738787984,"omega":21.53908005809522,"p_aa_pp":-35.99126258433916,"pro_close":1.744613260463988,"rama_prepro":13.19582373823855,"ref":127.87411,"total_score":-698.2683954948144,"yhh_planarity":0.2901000577192241}
{"decoy":"relax_27_ranked_1_0001","dslf_fa13":-1.897837035980643,"fa_atr":-1634.746422865181,"fa_dun":275.7604540773219,"fa_elec":-473.0243461496896,"fa_intra_rep":3.044994786250172,"fa_intra_sol_xover4":40.25914490401858,"fa_rep":201.2877757831328,"fa_sol":1031.644431199512,"hbond_bb_sc":-30.6499402323739,"hbond_lr_bb":-2.030977229900834,"hbond_sc":-22.11498164921633,"hbond_sr_bb":-189.6148770955215,"lk_ball_wtd":-46.04274783257084,"omega":15.46256532396435,"p_aa_pp":-23.42717356773856,"pro_close":0.892544182426904,"rama_prepro":18.3278709732832,"ref":151.05844,"total_score":-685.4661217128831,"yhh_planarity":0.3449607153807833}
{"decoy":"relax_51_ranked_3_0001","dslf_fa13":-1.243023490296142,"fa_atr":-1621.299088936953,"fa_dun":268.0154161005197,"fa_elec":-455.2606016536396,"fa_intra_rep":2.96669173599429,"fa_intra_sol_xover4":42.32243888638573,"fa_rep":195.4615195741085,"fa_sol":1028.718142821001,"hbond_bb_sc":-25.78788980308814,"hbond_lr_bb":-4.58497096659054,"hbond_sc":-21.45977485082848,"hbond_sr_bb":-187.0440791002223,"lk_ball_wtd":-50.30186602557936,"omega":15.7190954674861,"p_aa_pp":-35.80151873908323,"pro_close":1.213831722799936,"rama_prepro":4.879706449390184,"ref":127.87411,"total_score":-715.1929704930117,"yhh_planarity":0.4188903155838579}
{"decoy":"relax_67_ranked_1_0001","dslf_fa13":-1.200607845695674,"fa_atr":-1626.56806643028,"fa_dun":265.7348508403484,"fa_elec":-476.1764277835541,"fa_intra_rep":2.806107804317626,"fa_intra_sol_xover4":38.41007741835492,"fa_rep":199.681161226589,"fa_sol":1072.029695748719,"hbond_bb_sc":-31.47841265771644,"hbond_lr_bb":-2.756240925361611,"hbond_sc":-30.42528673843159,"hbond_sr_bb":-181.6794734522543,"lk_ball_wtd":-47.22996503180878,"omega":19.73141825409361,"p_aa_pp":-31.88381622829228,"pro_close":0.7910439936638627,"rama_prepro":-5.134736564931937,"ref":142.7211700000002,"total_score":-691.8961984226996,"yhh_planarity":0.7313099495405245}
{"decoy":"relax_67_ranked_3_0001","dslf_fa13":-0.9324727950669998,"fa_atr":-1621.476226868824,"fa_dun":258.9821950564397,"fa_elec":-470.2533727157823,"fa_intra_rep":2.884058621651554,"fa_intra_sol_xover4":39.4755548406767,"fa_rep":191.4105795886073,"fa_sol":1048.798549923047,"hbond_bb_sc":-25.90912523201304,"hbond_lr_bb":-4.670332376827989,"hbond_sc":-27.52646503571045,"hbond_sr_bb":-188.3340346959604,"lk_ball_wtd":-49.50153161425159,"omega":23.54593851962674,"p_aa_pp":-31.39584996451798,"pro_close":1.323005883011446,"rama_prepro":-0.9582891272139985,"ref":142.7211700000002,"total_score":-711.5120350821817,"yhh_planarity":0.3046129109271035}
{"decoy":"relax_51_ranked_1_0001","dslf_fa13":-1.1783312865129,"fa_atr":-1603.298159830543,"fa_dun":272.0726121294559,"fa_elec":-448.8896350221423,"fa_intra_rep":3.463140543188843,"fa_intra_sol_xover4":43.20210886528297,"fa_rep":200.7683614237675,"fa_sol":1022.793571606376,"hbond_bb_sc":-21.96397419339378,"hbond_lr_bb":-6.908381492175925,"hbond_sc":-23.99358418684063,"hbond_sr_bb":-187.0938166634623,"lk_ball_wtd":-50.84028612670082,"omega":16.30181835195689,"p_aa_pp":-35.68517337978483,"pro_close":1.334295251162887,"rama_prepro":6.010516849579074,"ref":127.87411,"total_score":-685.4901089452512,"yhh_planarity":0.5406982155356878}
{"decoy":"relax_27_ranked_2_0001","dslf_fa13":-1.538718904344691,"fa_atr":-1636.713085312984,"fa_dun":265.6359663292308,"fa_elec":-467.3964648481423,"fa_intra_rep":2.978095619184629,"fa_intra_sol_xover4":37.86846759448399,"fa_rep":211.3901546522944,"fa_sol":1048.467822919203,"hbond_bb_sc":-28.60333651038422,"hbond_lr_bb":-5.380179254439414,"hbond_sc":-20.17611421469063,"hbond_sr_bb":-189.7676301009318,"lk_ball_wtd":-46.09527565678047,"omega":20.94068329155303,"p_aa_pp":-28.5576505561444,"pro_close":1.728826528991747,"rama_prepro":10.48011084598853,"ref":151.05844,"total_score":-673.137181866511,"yhh_planarity":0.5427057114007678}
{"decoy":"relax_27_ranked_3_0001","dslf_fa13":-1.506489642568344,"fa_atr":-1625.527764747357,"fa_dun":272.135659717658,"fa_elec":-471.8673836660645,"fa_intra_rep":3.00626517606408,"fa_intra_sol_xover4":41.287226727891,"fa_rep":191.9213120341236,"fa_sol":1026.949981473284,"hbond_bb_sc":-29.00995712835318,"hbond_lr_bb":-4.999179425781951,"hbond_sc":-22.0678949901438,"hbond_sr_bb":-186.9572275469456,"lk_ball_wtd":-43.63241194993734,"omega":21.3269732968853,"p_aa_pp":-27.2130242910259,"pro_close":1.370023946968577,"rama_prepro":19.78128050263292,"ref":151.05844,"total_score":-683.1410836666929,"yhh_planarity":0.8030868459768848}
{"decoy":"relax_51_ranked_0_0001","dslf_fa13":-0.6866732676978502,"fa_atr":-1603.046779178285,"fa_dun":265.8272249952308,"fa_elec":-429.599845721452,"fa_intra_rep":3.251815998839249,"fa_intra_sol_xover4":44.684355228481,"fa_rep":214.6203061930249,"fa_sol":1018.142015834419,"hbond_bb_sc":-23.8694300355568,"hbond_lr_bb":-10.76130426459679,"hbond_sc":-19.2716885635843,"hbond_sr_bb":-185.103219088526,"lk_ball_wtd":-53.87915407281084,"omega":25.29868419806041,"p_aa_pp":-36.80572446121854,"pro_close":1.105238021537019,"rama_prepro":17.89413611394868,"ref":127.87411,"total_score":-644.1262706563006,"yhh_planarity":0.1996614138863492}
{"decoy":"relax_51_ranked_4_0001","dslf_fa13":-1.32422013864913,"fa_atr":-1625.969407766225,"fa_dun":268.0841704109295,"fa_elec":-458.3689900448533,"fa_intra_rep":3.530007133161129,"fa_intra_sol_xover4":42.96752409948738,"fa_rep":198.355358847409,"fa_sol":1027.769351933403,"hbond_bb_sc":-21.46168534458977,"hbond_lr_bb":-6.055375925239726,"hbond_sc":-22.29340885823378,"hbond_sr_bb":-188.7165009428038,"lk_ball_wtd":-50.81611851297217,"omega":20.57008045399095,"p_aa_pp":-34.85550502329561,"pro_close":1.421298288222946,"rama_prepro":10.68238698033428,"ref":127.87411,"total_score":-708.5233374641577,"yhh_planarity":0.08358694576544254}
{"decoy":"relax_27_ranked_4_0001","dslf_fa13":-2.303546500654068,"fa_atr":-1622.469753184374,"fa_dun":274.101236242681,"fa_elec":-472.1226536091483,"fa_intra_rep":3.065497220178975,"fa_intra_sol_xover4":39.51791058277459,"fa_rep":194.6592666823825,"fa_sol":1028.558955867658,"hbond_bb_sc":-36.28745370417789,"hbond_lr_bb":-3.371823771633248,"hbond_sc":-21.29895018381761,"hbond_sr_bb":-191.1472491364208,"lk_ball_wtd":-47.56386829287519,"omega":17.25356267691506,"p_aa_pp":-22.52446060388981,"pro_close":1.372848147376165,"rama_prepro":17.54998918556156,"ref":151.05844,"total_score":-691.4292592115912,"yhh_planarity":0.5227931698711654}
{"decoy":"relax_67_ranked_4_0001","dslf_fa13":-1.233934648333014,"fa_atr":-1623.927900762296,"fa_dun":261.2113077027929,"fa_elec":-463.2526957539752,"fa_intra_rep":2.910333529554381,"fa_intra_sol_xover4":37.50373786961362,"fa_rep":196.9858315245847,"fa_sol":1052.156210354821,"hbond_bb_sc":-34.21955851430546,