{"decoy":"relax_67_ranked_0_0001","dslf_fa13":-1.336832421355111,"fa_atr":-1600.201586587186,"fa_dun":259.4180724463355,"fa_elec":-480.6810105005806,"fa_intra_rep":2.782760935338783,"fa_intra_sol_xover4":36.19037471678763,"fa_rep":181.632209650328,"fa_sol":1044.968797998899,"hbond_bb_sc":-24.86122051276566,"hbond_lr_bb":-4.680555711769179,"hbond_sc":-28.03500798321262,"hbond_sr_bb":-191.8113748451148,"lk_ball_wtd":-46.74412452797623,"omega":23.15856107916773,"p_aa_pp":-34.52407893465929,"pro_close":1.170351458040771,"rama_prepro":-10.90954180815568,"ref":142.7211700000002,"total_score":-731.6129924838375,"yhh_planarity":0.130043064039623}
