jobs,interface,Num_intf_residues,Polar,Hydrophobhic,Charged,contact_pairs, sc, hb, sb, int_solv_en, int_area,pi_score,iptm_ptm,iptm,mpDockQ/pDockQ
wt_and_27,C_B,21,0.286,0.381,0.238,25,0.364,9,4,-5.26,974.93,-1.42,0.675757360176479,0.6920461,0.20202364018114835
wt_and_51,C_B,17,0.353,0.353,0.235,20,0.315,7,0,-0.46,595.06,-1.95,0.6548629749386234,0.6684313,0.05957951574411184
wt_and_67,C_B,22,0.318,0.455,0.136,16,0.295,7,1,-6.1,690.03,-1.49,0.49104568528544623,0.4762398,0.12145205277926067
