{"decoy":"relax_6vja_0001","dslf_fa13":-4.338083366455351,"fa_atr":-6706.389020849982,"fa_dun":1136.512542665729,"fa_elec":-1965.609839713354,"fa_intra_rep":16.7453454505389,"fa_intra_sol_xover4":175.7382407725929,"fa_rep":777.6060171231845,"fa_sol":3722.105704307306,"hbond_bb_sc":-212.817877146122,"hbond_lr_bb":-429.727856311605,"hbond_sc":-142.09656060677,"hbond_sr_bb":-308.5999018516121,"lk_ball_wtd":-171.7936008816141,"omega":148.9057565564672,"p_aa_pp":-254.7163747856917,"pro_close":5.191314667402499,"rama_prepro":26.68821950272349,"ref":559.1360600000015,"total_score":-3625.18343956831,"yhh_planarity":2.276474898949314}
{"decoy":"relax_6vja_CD20only_0001","dslf_fa13":2.480863575044411,"fa_atr":-1949.751048903558,"fa_dun":321.0228297627759,"fa_elec":-504.5114609819862,"fa_intra_rep":4.281184723039203,"fa_intra_sol_xover4":45.73442527263702,"fa_rep":227.9966288537346,"fa_sol":1114.550783475462,"hbond_bb_sc":-50.69789455142705,"hbond_lr_bb":-6.483387789423727,"hbond_sc":-13.90805603133744,"hbond_sr_bb":-221.799043569429,"lk_ball_wtd":-62.64296854503494,"omega":49.36908396646744,"p_aa_pp":-27.48550514982007,"pro_close":1.251036628511417,"rama_prepro":33.2041065699533,"ref":239.07568,"total_score":-797.4694890078796,"yhh_planarity":0.8432536865110717}
{"decoy":"relax_6y97_0001","dslf_fa13":-3.071098388485753,"fa_atr":-3158.329353434227,"fa_dun":546.3082206452731,"fa_elec":-853.5723696603956,"fa_intra_rep":6.623824969240732,"fa_intra_sol_xover4":81.65279648774694,"fa_rep":360.4328781419874,"fa_sol":1802.513561597276,"hbond_bb_sc":-86.23761736950209,"hbond_lr_bb":-99.36623532479373,"hbond_sc":-59.01477952525072,"hbond_sr_bb":-245.0100198741853,"lk_ball_wtd":-86.99204243724616,"omega":63.58006617280981,"p_aa_pp":-91.4888850667253,"pro_close":2.361013819632953,"rama_prepro":61.73566893113518,"ref":345.2711599999998,"total_score":-1410.478534365883,"yhh_planarity":2.124675949826082}
{"decoy":"relax_6y92_0001","dslf_fa13":-0.5691516481596262,"fa_atr":-6277.515955365263,"fa_dun":1192.205366617844,"fa_elec":-1691.187993179989,"fa_intra_rep":17.73876560354621,"fa_intra_sol_xover4":187.6545460509012,"fa_rep":744.2243663774166,"fa_sol":3533.97043590873,"hbond_bb_sc":-203.781514200399,"hbond_lr_bb":-330.1244691131843,"hbond_sc":-157.2126121467305,"hbond_sr_bb":-273.0801721860975,"lk_ball_wtd":-175.7701918613727,"omega":153.9181481849536,"p_aa_pp":-255.0689397864213,"pro_close":5.920101503019291,"rama_prepro":110.448800394839,"ref":547.0213399999998,"total_score":-2867.889450572186,"yhh_planarity":3.31967827417967}
{"decoy":"relax_6y90_0001","dslf_fa13":-9.87154329527778,"fa_atr":-7041.460211884661,"fa_dun":1209.417137725629,"fa_elec":-1922.16860997862,"fa_intra_rep":22.97675806912812,"fa_intra_sol_xover4":193.5381101149995,"fa_rep":844.8397704155501,"fa_sol":3811.691766760279,"hbond_bb_sc":-235.3443535632539,"hbond_lr_bb":-397.826697334668,"hbond_sc":-157.0373560901729,"hbond_sr_bb":-311.4259684598224,"lk_ball_wtd":-170.2003678959783,"omega":131.8736911137049,"p_aa_pp":-237.9845326947261,"pro_close":4.959122750334287,"rama_prepro":100.1653859017851,"ref":562.4088400000014,"total_score":-3596.39087347433,"yhh_planarity":5.058184871437346}
{"decoy":"relax_6y9a_0001","dslf_fa13":2.250890862509774,"fa_atr":-4171.829991592065,"fa_dun":765.76492209763,"fa_elec":-1157.359477863431,"fa_intra_rep":8.561530797933608,"fa_intra_sol_xover4":109.2008939810892,"fa_rep":497.2979214684827,"fa_sol":2387.286900502081,"hbond_bb_sc":-98.02086151645464,"hbond_lr_bb":-191.9580272597534,"hbond_sc":-90.74850089343542,"hbond_sr_bb":-267.0823188239387,"lk_ball_wtd":-114.8622731418051,"omega":93.85361117643372,"p_aa_pp":-150.9919088680919,"pro_close":4.366159376898617,"rama_prepro":51.99011285569722,"ref":404.9128699999997,"total_score":-1915.639788012662,"yhh_planarity":1.727758827557454}
