{"decoy":"relax_6vja_0001","dslf_fa13":-4.338083366455351,"fa_atr":-6706.389020849982,"fa_dun":1136.512542665729,"fa_elec":-1965.609839713354,"fa_intra_rep":16.7453454505389,"fa_intra_sol_xover4":175.7382407725929,"fa_rep":777.6060171231845,"fa_sol":3722.105704307306,"hbond_bb_sc":-212.817877146122,"hbond_lr_bb":-429.727856311605,"hbond_sc":-142.09656060677,"hbond_sr_bb":-308.5999018516121,"lk_ball_wtd":-171.7936008816141,"omega":148.9057565564672,"p_aa_pp":-254.7163747856917,"pro_close":5.191314667402499,"rama_prepro":26.68821950272349,"ref":559.1360600000015,"total_score":-3625.18343956831,"yhh_planarity":2.276474898949314}
{"decoy":"relax_6vja_CD20only_0001","dslf_fa13":2.480863575044411,"fa_atr":-1949.751048903558,"fa_dun":321.0228297627759,"fa_elec":-504.5114609819862,"fa_intra_rep":4.281184723039203,"fa_intra_sol_xover4":45.73442527263702,"fa_rep":227.9966288537346,"fa_sol":1114.550783475462,"hbond_bb_sc":-50.69789455142705,"hbond_lr_bb":-6.483387789423727,"hbond_sc":-13.90805603133744,"hbond_sr_bb":-221.799043569429,"lk_ball_wtd":-62.64296854503494,"omega":49.36908396646744,"p_aa_pp":-27.48550514982007,"pro_close":1.251036628511417,"rama_prepro":33.2041065699533,"ref":239.07568,"total_score":-797.4694890078796,"yhh_planarity":0.8432536865110717}
{"decoy":"relax_6y97_0001","dslf_fa13":-3.071098388485753,"fa_atr":-3158.329353434227,"fa_dun":546.3082206452731,"fa_elec":-853.5723696603956,"fa_intra_rep":6.623824969240732,"fa_intra_sol_xover4":81.65279648774694,"fa_rep":360.4328781419874,"fa_sol":1802.513561597276,"hbond_bb_sc":-86.23761736950209,"hbond_lr_bb":-99.36623532479373,"hbond_sc":-59.01477952525072,"hbond_sr_bb":-245.0100198741853,"lk_ball_wtd":-86.99204243724616,"omega":63.58006617280981,"p_aa_pp":-91.4888850667253,"pro_close":2.361013819632953,"rama_prepro":61.73566893113518,"ref":345.2711599999998,"total_score":-1410.478534365883,"yhh_planarity":2.124675949826082}
